<?xml version="1.0" encoding="UTF-8"?>

<!DOCTYPE hibernate-mapping PUBLIC 
    "-//Hibernate/Hibernate Mapping DTD 3.0//EN"
    "http://www.hibernate.org/dtd/hibernate-mapping-3.0.dtd">
    
    <hibernate-mapping>
    <class name="com.firstHibernate.Student">
    <id name="id">
     <generator class="increment"></generator>
    </id>
    <property name="name" type="string"></property>
    <property name="email" type="string"></property>
    <property name="password" type="string"></property>
    </class>
    </hibernate-mapping>