<?xml version="1.0" encoding="UTF-8"?>

<!DOCTYPE hibernate-mapping PUBLIC 
    "-//Hibernate/Hibernate Mapping DTD 3.0//EN"
    "http://www.hibernate.org/dtd/hibernate-mapping-3.0.dtd">
    
    <hibernate-mapping package="com.firstwebapp">
    	
    	<class name="Student" table="student">
    		<id name="id" column="id">
    			<generator class="increment"></generator>
    		</id>
    		<property name="name" type="string" />
    		<property name="email" type="string" />
    		<property name="password" type="string" />
    	</class>
    </hibernate-mapping>